<?xml version="1.0" encoding="UTF-8" standalone="yes"?>
<addon id="plugin.ksharp.simplepluginexample" name="KSharp Simple Plugin Example" version="1.0.1" provider-name="CRial">
	<requires>
		<import addon="xbmc.python" version="2.14.0"/>
	</requires>
	<extension point="xbmc.python.pluginsource" library="addon.py">
  		<provides>video</provides>
	</extension>
	<extension point="xbmc.addon.metadata">
		<platform>all</platform>
		<summary lang="en">KSharp Simple Plugin Example</summary>
		<description lang="en">KSharp Example Plugin</description>
		<license>MIT License</license>
		<language></language>
		<forum></forum>
		<source></source>
		<website></website>
		<email></email>
		<assets>
			<icon></icon>
			<fanart></fanart>
		</assets>
	</extension>
</addon>
