<?xml version="1.0" encoding="UTF-8" standalone="yes"?>
<addon id="script.ksharp.videolibraryexample" name="KSharp VideoLibrary Example" version="1.0.1" provider-name="CRial">
	<requires>
		<import addon="xbmc.python" version="2.14.0"/>
	</requires>
	<extension point="xbmc.python.script" library="addon.py">
		<provides>executable</provides>
	</extension>
	<extension point="xbmc.addon.metadata">
		<platform>all</platform>
		<summary lang="en">KSharp Simple VideoLibrary Example</summary>
		<description lang="en">KSharp VideoLibrary Example Script</description>
		<license>MIT License</license>
		<language></language>
		<forum></forum>
		<source></source>
		<website></website>
		<email></email>
		<assets>
			<icon></icon>
			<fanart></fanart>
		</assets>
	</extension>
</addon>
